1969-12-31 18:00:00.000,0,1 - Login,OK
2016-10-18 15:40:49.706,781,2 - Iniciando sesion,OK
2016-10-18 15:40:51.417,14063,3 - Ir a pagina solicitudes,OK
2016-10-18 15:41:05.760,1723,4 - Seleccionar Reporte pasivo,OK
2016-10-18 15:41:15.232,422,5 - Generar reporte pasivos,OK
2016-10-18 15:41:15.791,255,6 - Cerrar sesion,OK
1969-12-31 18:00:00.000,0,1-Login,OK
2016-10-18 15:41:19.385,10454,2- Iniciando sesion,OK
2016-10-18 15:41:50.460,1536,3- Ir a pagina ordenes,OK
2016-10-18 15:41:52.080,798,4- Cerrar sesion,OK
1969-12-31 18:00:00.000,0,1-Login,OK
2016-10-18 15:41:53.689,10505,2- Iniciando sesion,OK
2016-10-18 15:42:24.870,1565,3- Ir a pagina plantillas,OK
2016-10-18 15:42:26.552,886,4- Cerrar sesion,OK
2016-10-18 15:42:27.706,455,1 - Login,OK
2016-10-18 15:42:28.286,10340,2 - Iniciando sesion,OK
2016-10-18 15:44:08.358,1349,1 - Login,OK
2016-10-18 15:44:09.854,780,2 - Iniciando sesion,OK
2016-10-18 15:44:11.455,5103,3 - Ir a pagina solicitudes,OK
2016-10-18 15:44:16.754,1444,4 - Seleccionar Reporte pasivo,OK
2016-10-18 15:44:26.640,754,5 - Generar reporte pasivos,OK
2016-10-18 15:44:27.534,341,6 - Cerrar sesion,OK
2016-10-18 15:44:28.266,495,1 - Login,OK
2016-10-18 15:44:28.857,10404,2 - Iniciando sesion,OK
2016-10-18 15:45:00.195,4161,3 - Ir a pagina solicitudes,OK
2016-10-18 15:45:04.482,630,4 - Seleccionar Reporte Backtesting,OK
2016-10-18 15:45:05.220,405,5 - Cargar archivo popup,OK
2016-10-18 15:45:05.886,11853,6 - Cargar archivo,OK
2016-10-18 15:45:17.914,309,7- Cerrar sesion,OK
2016-10-18 15:45:18.537,398,1-Login,OK
2016-10-18 15:45:19.028,10429,2- Iniciando sesion,OK
2016-10-18 15:45:50.018,1443,3- Ir a pagina ordenes,OK
2016-10-18 15:45:51.527,876,4- Cerrar sesion,OK
2016-10-18 15:45:52.690,399,1-Login,OK
2016-10-18 15:45:53.206,10360,2- Iniciando sesion,OK
2016-10-18 15:46:24.344,1530,3- Ir a pagina reportes,OK
2016-10-18 15:46:26.008,10629,4- Cerrar sesion,OK
2016-10-18 15:46:37.013,446,1 - Login,OK
2016-10-18 15:46:37.607,10266,2 - Iniciando sesion,OK
2016-10-18 15:47:08.847,2757,3 - Ir a pagina solicitudes,OK
2016-10-18 15:47:11.724,4307,4 - Seleccionar Reporte efectivo,OK
2016-10-18 15:47:16.145,266,5- Cerrar sesion,OK
2016-10-18 15:47:16.725,404,1 - Login,OK
2016-10-18 15:47:17.314,10355,2 - Iniciando sesion,OK
2016-10-18 15:47:49.170,2618,3 - Ir a pagina solicitudes,OK
2016-10-18 15:47:51.924,1307,4 - Seleccionar Reporte Activo y pasivo,OK
2016-10-18 15:48:01.076,634,5 - Generar ,OK
2016-10-18 15:48:01.860,342,6 - Cerrar sesion,OK
2016-10-18 15:48:02.605,389,1-Login,OK
2016-10-18 15:48:03.083,10671,2- Iniciando sesion,OK
2016-10-18 15:48:34.519,1538,3- Ir a pagina plantillas,OK
2016-10-18 15:48:36.167,371,4- Cerrar sesion,OK
2016-10-18 15:48:36.956,541,1-Login,OK
2016-10-18 15:48:37.635,10425,2- Iniciando sesion,OK
2016-10-18 15:49:09.098,1548,3- Ir a pagina ordenes,OK
2016-10-18 15:49:10.757,771,4- Cerrar sesion,OK
2016-10-18 15:49:11.776,423,1-Login,OK
2016-10-18 15:49:12.292,10323,2- Iniciando sesion,OK
2016-10-18 15:49:43.412,1609,3- Ir a pagina plantillas,OK
2016-10-18 15:49:45.141,458,4- Cerrar sesion,OK
2016-10-18 15:49:45.848,468,1 - Login,OK
2016-10-18 15:49:46.456,10479,2 - Iniciando sesion,OK
2016-10-18 15:50:17.815,2897,3 - Ir a pagina solicitudes,OK
2016-10-18 15:50:20.826,4166,4 - Seleccionar Reporte efectivo,OK
2016-10-18 15:50:25.134,264,5- Cerrar sesion,OK
2016-10-18 15:50:25.754,504,1 - Login,OK
2016-10-18 15:50:26.366,10404,2 - Iniciando sesion,OK
2016-10-18 15:50:57.449,3230,3 - Ir a pagina solicitudes,OK
2016-10-18 15:51:00.819,1174,4 - Seleccionar Reporte Activo y pasivo,OK
2016-10-18 15:51:09.808,636,5 - Generar ,OK
2016-10-18 15:51:10.574,305,6 - Cerrar sesion,OK
2016-10-18 15:51:11.234,479,1 - Login,OK
2016-10-18 15:51:11.879,10449,2 - Iniciando sesion,OK
2016-10-18 15:51:43.254,3211,3 - Ir a pagina solicitudes,OK
2016-10-18 15:51:46.610,1212,4 - Seleccionar Reporte pasivo,OK
2016-10-18 15:51:54.817,653,5 - Generar reporte pasivos,OK
2016-10-18 15:51:55.621,346,6 - Cerrar sesion,OK
2016-10-18 15:51:56.313,386,1 - Login,OK
2016-10-18 15:51:56.886,10622,2 - Iniciando sesion,OK
2016-10-18 15:52:28.428,3283,3 - Ir a pagina solicitudes,OK
2016-10-18 15:52:31.846,1011,4 - Seleccionar Reporte Backtesting,OK
2016-10-18 15:52:33.003,601,5 - Cargar archivo popup,OK
2016-10-18 15:52:33.761,11778,6 - Cargar archivo,OK
2016-10-18 15:52:45.684,301,7- Cerrar sesion,OK
2016-10-18 15:52:46.355,468,1-Login,OK
2016-10-18 15:52:46.886,10675,2- Iniciando sesion,OK
2016-10-18 15:53:18.760,1408,3- Ir a pagina reportes,OK
2016-10-18 15:53:20.249,10475,4- Cerrar sesion,OK
2016-10-18 15:53:31.113,481,1 - Login,OK
2016-10-18 15:53:31.666,10342,2 - Iniciando sesion,OK
2016-10-18 15:54:03.294,2762,3 - Ir a pagina solicitudes,OK
2016-10-18 15:54:06.185,1389,4 - Seleccionar Reporte Activo y pasivo,OK
2016-10-18 15:54:15.796,591,5 - Generar ,OK
2016-10-18 15:54:16.504,293,6 - Cerrar sesion,OK
2016-10-18 15:54:17.192,396,1-Login,OK
2016-10-18 15:54:17.670,10858,2- Iniciando sesion,OK
2016-10-18 15:54:49.209,1536,3- Ir a pagina plantillas,OK
2016-10-18 15:54:50.861,587,4- Cerrar sesion,OK
2016-10-18 15:54:51.746,525,1 - Login,OK
2016-10-18 15:54:52.390,10531,2 - Iniciando sesion,OK
2016-10-18 15:55:23.667,3079,3 - Ir a pagina solicitudes,OK
2016-10-18 15:55:26.885,4498,4 - Seleccionar Reporte efectivo,OK
2016-10-18 15:55:31.538,263,5- Cerrar sesion,OK
2016-10-18 15:55:32.134,410,1 - Login,OK
2016-10-18 15:55:32.610,10427,2 - Iniciando sesion,OK
2016-10-18 15:56:04.472,3012,3 - Ir a pagina solicitudes,OK
2016-10-18 15:56:07.625,1377,4 - Seleccionar Reporte pasivo,OK
2016-10-18 15:56:16.606,849,5 - Generar reporte pasivos,OK
2016-10-18 15:56:17.663,296,6 - Cerrar sesion,OK
2016-10-18 15:56:18.427,478,1-Login,OK
2016-10-18 15:56:18.975,10577,2- Iniciando sesion,OK
2016-10-18 15:56:50.353,1723,3- Ir a pagina ordenes,OK
2016-10-18 15:56:52.168,880,4- Cerrar sesion,OK
2016-10-18 15:56:53.373,460,1 - Login,OK
2016-10-18 15:56:53.915,10305,2 - Iniciando sesion,OK
2016-10-18 15:57:24.893,3535,3 - Ir a pagina solicitudes,OK
2016-10-18 15:57:28.569,829,4 - Seleccionar Reporte Backtesting,OK
2016-10-18 15:57:29.551,588,5 - Cargar archivo popup,OK
2016-10-18 15:57:30.384,11727,6 - Cargar archivo,OK
2016-10-18 15:57:42.243,270,7- Cerrar sesion,OK
2016-10-18 15:57:42.762,507,1-Login,OK
2016-10-18 15:57:43.360,10464,2- Iniciando sesion,OK
2016-10-18 15:58:14.463,1413,3- Ir a pagina reportes,OK
2016-10-18 15:58:16.006,10625,4- Cerrar sesion,OK
2016-10-18 15:58:27.046,470,1 - Login,OK
2016-10-18 15:58:27.598,10398,2 - Iniciando sesion,OK
2016-10-18 15:58:58.576,3218,3 - Ir a pagina solicitudes,OK
2016-10-18 15:59:01.924,1164,4 - Seleccionar Reporte pasivo,OK
2016-10-18 15:59:10.668,651,5 - Generar reporte pasivos,OK
2016-10-18 15:59:11.449,375,6 - Cerrar sesion,OK
2016-10-18 15:59:12.412,602,1-Login,OK
2016-10-18 15:59:13.194,10723,2- Iniciando sesion,OK
2016-10-18 15:59:44.754,1676,3- Ir a pagina ordenes,OK
2016-10-18 15:59:46.576,903,4- Cerrar sesion,OK
2016-10-18 15:59:47.760,429,1 - Login,OK
2016-10-18 15:59:48.302,10450,2 - Iniciando sesion,OK
2016-10-18 16:00:19.588,3057,3 - Ir a pagina solicitudes,OK
2016-10-18 16:00:22.750,767,4 - Seleccionar Reporte Backtesting,OK
2016-10-18 16:00:23.652,537,5 - Cargar archivo popup,OK
2016-10-18 16:00:24.497,11910,6 - Cargar archivo,OK
2016-10-18 16:00:36.544,328,7- Cerrar sesion,OK
2016-10-18 16:00:37.147,527,1 - Login,OK
2016-10-18 16:00:37.801,10442,2 - Iniciando sesion,OK
2016-10-18 16:01:09.313,3248,3 - Ir a pagina solicitudes,OK
2016-10-18 16:01:12.665,1204,4 - Seleccionar Reporte Activo y pasivo,OK
2016-10-18 16:01:21.453,659,5 - Generar ,OK
2016-10-18 16:01:22.259,320,6 - Cerrar sesion,OK
2016-10-18 16:01:22.960,601,1-Login,OK
2016-10-18 16:01:23.660,10272,2- Iniciando sesion,OK
2016-10-18 16:01:55.074,1385,3- Ir a pagina reportes,OK
2016-10-18 16:01:56.552,10375,4- Cerrar sesion,OK
2016-10-18 16:02:07.315,321,1-Login,OK
2016-10-18 16:02:07.710,10619,2- Iniciando sesion,OK
2016-10-18 16:02:39.684,1499,3- Ir a pagina plantillas,OK
2016-10-18 16:02:41.276,419,4- Cerrar sesion,OK
2016-10-18 16:02:41.947,435,1 - Login,OK
2016-10-18 16:02:42.445,10726,2 - Iniciando sesion,OK
2016-10-18 16:03:14.328,3001,3 - Ir a pagina solicitudes,OK
2016-10-18 16:03:17.413,4129,4 - Seleccionar Reporte efectivo,OK
2016-10-18 16:03:21.651,265,5- Cerrar sesion,OK
2016-10-18 16:03:22.181,435,1 - Login,OK
2016-10-18 16:03:22.685,10279,2 - Iniciando sesion,OK
2016-10-18 16:03:54.140,2985,3 - Ir a pagina solicitudes,OK
2016-10-18 16:03:57.276,1240,4 - Seleccionar Reporte Activo y pasivo,OK
2016-10-18 16:04:06.021,595,5 - Generar ,OK
2016-10-18 16:04:06.746,329,6 - Cerrar sesion,OK
2016-10-18 16:04:07.593,496,1-Login,OK
2016-10-18 16:04:08.184,10405,2- Iniciando sesion,OK
2016-10-18 16:04:39.655,1382,3- Ir a pagina reportes,OK
2016-10-18 16:04:41.144,10405,4- Cerrar sesion,OK
2016-10-18 16:04:51.910,465,1-Login,OK
2016-10-18 16:04:52.446,10729,2- Iniciando sesion,OK
2016-10-18 16:05:24.371,1288,3- Ir a pagina ordenes,OK
2016-10-18 16:05:25.748,681,4- Cerrar sesion,OK
2016-10-18 16:05:26.672,423,1 - Login,OK
2016-10-18 16:05:27.248,10709,2 - Iniciando sesion,OK
2016-10-18 16:05:59.118,3015,3 - Ir a pagina solicitudes,OK
2016-10-18 16:06:02.256,4173,4 - Seleccionar Reporte efectivo,OK
2016-10-18 16:06:06.546,239,5- Cerrar sesion,OK
2016-10-18 16:06:07.062,344,1 - Login,OK
2016-10-18 16:06:07.460,10306,2 - Iniciando sesion,OK
2016-10-18 16:06:39.052,2895,3 - Ir a pagina solicitudes,OK
2016-10-18 16:06:42.054,700,4 - Seleccionar Reporte Backtesting,OK
2016-10-18 16:06:42.872,511,5 - Cargar archivo popup,OK
2016-10-18 16:06:43.669,11325,6 - Cargar archivo,OK
2016-10-18 16:06:55.116,259,7- Cerrar sesion,OK
2016-10-18 16:06:55.715,442,1 - Login,OK
2016-10-18 16:06:56.299,10675,2 - Iniciando sesion,OK
2016-10-18 16:07:28.081,3061,3 - Ir a pagina solicitudes,OK
2016-10-18 16:07:31.309,1229,4 - Seleccionar Reporte pasivo,OK
2016-10-18 16:07:39.813,616,5 - Generar reporte pasivos,OK
2016-10-18 16:07:40.557,343,6 - Cerrar sesion,OK
2016-10-18 16:07:41.323,567,1-Login,OK
2016-10-18 16:07:42.080,10339,2- Iniciando sesion,OK
2016-10-18 16:08:13.527,1324,3- Ir a pagina plantillas,OK
2016-10-18 16:08:14.947,407,4- Cerrar sesion,OK
2016-10-18 16:08:15.554,394,1 - Login,OK
2016-10-18 16:08:16.021,10274,2 - Iniciando sesion,OK
2016-10-18 16:08:47.701,2870,3 - Ir a pagina solicitudes,OK
2016-10-18 16:08:50.666,1414,4 - Seleccionar Reporte Activo y pasivo,OK
2016-10-18 16:08:59.449,709,5 - Generar ,OK
2016-10-18 16:09:00.552,377,6 - Cerrar sesion,OK
2016-10-18 16:09:01.383,439,1-Login,OK
2016-10-18 16:09:01.959,10529,2- Iniciando sesion,OK
2016-10-18 16:09:33.300,1379,3- Ir a pagina reportes,OK
2016-10-18 16:09:34.774,10348,4- Cerrar sesion,OK
2016-10-18 16:09:45.465,444,1 - Login,OK
2016-10-18 16:09:45.981,10689,2 - Iniciando sesion,OK
2016-10-18 16:10:17.987,2845,3 - Ir a pagina solicitudes,OK
2016-10-18 16:10:20.977,922,4 - Seleccionar Reporte pasivo,OK
2016-10-18 16:10:28.505,519,5 - Generar reporte pasivos,OK
2016-10-18 16:10:29.138,261,6 - Cerrar sesion,OK
2016-10-18 16:10:29.785,438,1 - Login,OK
2016-10-18 16:10:30.318,10376,2 - Iniciando sesion,OK
2016-10-18 16:11:01.986,3228,3 - Ir a pagina solicitudes,OK
2016-10-18 16:11:05.334,4126,4 - Seleccionar Reporte efectivo,OK
2016-10-18 16:11:09.576,160,5- Cerrar sesion,OK
2016-10-18 16:11:09.984,392,1-Login,OK
2016-10-18 16:11:10.470,10728,2- Iniciando sesion,OK
2016-10-18 16:11:42.186,1228,3- Ir a pagina plantillas,OK
2016-10-18 16:11:43.508,387,4- Cerrar sesion,OK
2016-10-18 16:11:44.136,320,1-Login,OK
2016-10-18 16:11:44.523,10808,2- Iniciando sesion,OK
2016-10-18 16:12:16.647,1296,3- Ir a pagina ordenes,OK
2016-10-18 16:12:18.024,668,4- Cerrar sesion,OK
2016-10-18 16:12:18.884,390,1 - Login,OK
2016-10-18 16:12:19.358,10226,2 - Iniciando sesion,OK
2016-10-18 16:12:50.900,3042,3 - Ir a pagina solicitudes,OK
2016-10-18 16:12:54.049,732,4 - Seleccionar Reporte Backtesting,OK
2016-10-18 16:12:54.887,476,5 - Cargar archivo popup,OK
2016-10-18 16:12:55.551,11382,6 - Cargar archivo,OK
2016-10-18 16:13:07.057,303,7- Cerrar sesion,OK
2016-10-18 16:13:07.652,419,1 - Login,OK
2016-10-18 16:13:08.143,10680,2 - Iniciando sesion,OK
2016-10-18 16:13:40.020,2913,3 - Ir a pagina solicitudes,OK
2016-10-18 16:13:43.042,546,4 - Seleccionar Reporte Backtesting,OK
2016-10-18 16:13:43.686,340,5 - Cargar archivo popup,OK
2016-10-18 16:13:44.227,11470,6 - Cargar archivo,OK
2016-10-18 16:13:55.801,219,7- Cerrar sesion,OK
2016-10-18 16:13:56.285,427,1 - Login,OK
2016-10-18 16:13:56.835,10268,2 - Iniciando sesion,OK
2016-10-18 16:14:28.469,2886,3 - Ir a pagina solicitudes,OK
2016-10-18 16:14:31.478,996,4 - Seleccionar Reporte Activo y pasivo,OK
2016-10-18 16:14:39.060,536,5 - Generar ,OK
2016-10-18 16:14:39.725,269,6 - Cerrar sesion,OK
2016-10-18 16:14:40.382,382,1-Login,OK
2016-10-18 16:14:40.877,10204,2- Iniciando sesion,OK
2016-10-18 16:15:12.209,1506,3- Ir a pagina ordenes,OK
2016-10-18 16:15:13.793,669,4- Cerrar sesion,OK
2016-10-18 16:15:14.652,337,1 - Login,OK
2016-10-18 16:15:15.066,10296,2 - Iniciando sesion,OK
2016-10-18 16:15:46.757,3038,3 - Ir a pagina solicitudes,OK
2016-10-18 16:15:49.881,4242,4 - Seleccionar Reporte efectivo,OK
2016-10-18 16:15:54.243,320,5- Cerrar sesion,OK
2016-10-18 16:15:54.848,341,1 - Login,OK
2016-10-18 16:15:55.273,10211,2 - Iniciando sesion,OK
2016-10-18 16:16:26.656,2775,3 - Ir a pagina solicitudes,OK
2016-10-18 16:16:29.527,1036,4 - Seleccionar Reporte pasivo,OK
2016-10-18 16:16:36.838,610,5 - Generar reporte pasivos,OK
2016-10-18 16:16:37.569,308,6 - Cerrar sesion,OK
2016-10-18 16:16:38.333,416,1-Login,OK
2016-10-18 16:16:38.810,10403,2- Iniciando sesion,OK
2016-10-18 16:17:10.393,1242,3- Ir a pagina plantillas,OK
2016-10-18 16:17:11.728,271,4- Cerrar sesion,OK
2016-10-18 16:17:12.192,360,1-Login,OK
2016-10-18 16:17:12.620,10738,2- Iniciando sesion,OK
2016-10-18 16:17:44.505,1495,3- Ir a pagina reportes,OK
2016-10-18 16:17:46.081,10450,4- Cerrar sesion,OK
2016-10-18 16:17:56.848,425,1 - Login,OK
2016-10-18 16:17:57.349,10680,2 - Iniciando sesion,OK
2016-10-18 16:18:29.171,2756,3 - Ir a pagina solicitudes,OK
2016-10-18 16:18:32.048,1144,4 - Seleccionar Reporte Activo y pasivo,OK
2016-10-18 16:18:39.091,675,5 - Generar ,OK
2016-10-18 16:18:39.959,793,6 - Cerrar sesion,OK
2016-10-18 16:18:41.262,414,1-Login,OK
2016-10-18 16:18:41.763,10364,2- Iniciando sesion,OK
2016-10-18 16:19:13.391,1470,3- Ir a pagina ordenes,OK
2016-10-18 16:19:14.953,689,4- Cerrar sesion,OK
2016-10-18 16:19:15.895,442,1 - Login,OK
2016-10-18 16:19:16.415,10689,2 - Iniciando sesion,OK
2016-10-18 16:19:48.441,2973,3 - Ir a pagina solicitudes,OK
2016-10-18 16:19:51.519,500,4 - Seleccionar Reporte Backtesting,OK
2016-10-18 16:19:52.144,425,5 - Cargar archivo popup,OK
2016-10-18 16:19:52.698,11331,6 - Cargar archivo,OK
2016-10-18 16:20:04.130,244,7- Cerrar sesion,OK
2016-10-18 16:20:04.608,389,1-Login,OK
2016-10-18 16:20:05.133,10721,2- Iniciando sesion,OK
2016-10-18 16:20:36.984,1425,3- Ir a pagina reportes,OK
2016-10-18 16:20:38.475,10408,4- Cerrar sesion,OK
2016-10-18 16:20:49.226,465,1-Login,OK
2016-10-18 16:20:49.759,10575,2- Iniciando sesion,OK
2016-10-18 16:21:21.151,1421,3- Ir a pagina plantillas,OK
2016-10-18 16:21:22.657,367,4- Cerrar sesion,OK
2016-10-18 16:21:23.261,428,1 - Login,OK
2016-10-18 16:21:23.804,10727,2 - Iniciando sesion,OK
2016-10-18 16:21:55.830,3026,3 - Ir a pagina solicitudes,OK
2016-10-18 16:21:58.952,1067,4 - Seleccionar Reporte pasivo,OK
2016-10-18 16:22:06.315,517,5 - Generar reporte pasivos,OK
2016-10-18 16:22:06.937,277,6 - Cerrar sesion,OK
2016-10-18 16:22:07.586,453,1 - Login,OK
2016-10-18 16:22:08.103,10332,2 - Iniciando sesion,OK
2016-10-18 16:22:39.735,3034,3 - Ir a pagina solicitudes,OK
2016-10-18 16:22:42.870,4121,4 - Seleccionar Reporte efectivo,OK
2016-10-18 16:22:47.109,289,5- Cerrar sesion,OK
2016-10-18 16:22:47.634,378,1 - Login,OK
2016-10-18 16:22:48.060,10760,2 - Iniciando sesion,OK
2016-10-18 16:23:20.012,3009,3 - Ir a pagina solicitudes,OK
2016-10-18 16:23:23.134,1269,4 - Seleccionar Reporte Activo y pasivo,OK
2016-10-18 16:23:30.979,800,5 - Generar ,OK
2016-10-18 16:23:31.913,388,6 - Cerrar sesion,OK
2016-10-18 16:23:32.813,469,1-Login,OK
2016-10-18 16:23:33.363,10510,2- Iniciando sesion,OK
2016-10-18 16:24:05.103,1354,3- Ir a pagina ordenes,OK
2016-10-18 16:24:06.569,641,4- Cerrar sesion,OK
2016-10-18 16:24:07.448,368,1-Login,OK
2016-10-18 16:24:07.886,10628,2- Iniciando sesion,OK
2016-10-18 16:24:39.829,1336,3- Ir a pagina plantillas,OK
2016-10-18 16:24:41.234,316,4- Cerrar sesion,OK
2016-10-18 16:24:41.764,408,1-Login,OK
2016-10-18 16:24:42.237,10669,2- Iniciando sesion,OK
2016-10-18 16:25:13.804,1183,3- Ir a pagina reportes,OK
2016-10-18 16:25:15.061,10772,4- Cerrar sesion,OK
2016-10-18 16:25:26.169,405,1 - Login,OK
2016-10-18 16:25:26.644,10685,2 - Iniciando sesion,OK
2016-10-18 16:25:58.150,2817,3 - Ir a pagina solicitudes,OK
2016-10-18 16:26:01.103,4330,4 - Seleccionar Reporte efectivo,OK
2016-10-18 16:26:05.536,298,5- Cerrar sesion,OK
2016-10-18 16:26:06.143,436,1 - Login,OK
2016-10-18 16:26:06.707,10302,2 - Iniciando sesion,OK
2016-10-18 16:26:38.023,3640,3 - Ir a pagina solicitudes,OK
2016-10-18 16:26:41.784,728,4 - Seleccionar Reporte Backtesting,OK
2016-10-18 16:26:42.616,543,5 - Cargar archivo popup,OK
2016-10-18 16:26:43.467,11609,6 - Cargar archivo,OK
2016-10-18 16:26:55.193,262,7- Cerrar sesion,OK
2016-10-18 16:26:55.726,422,1 - Login,OK
2016-10-18 16:26:56.212,10739,2 - Iniciando sesion,OK
2016-10-18 16:27:28.182,2913,3 - Ir a pagina solicitudes,OK
2016-10-18 16:27:31.202,1005,4 - Seleccionar Reporte pasivo,OK
2016-10-18 16:27:38.174,578,5 - Generar reporte pasivos,OK
2016-10-18 16:27:38.874,383,6 - Cerrar sesion,OK
2016-10-18 16:27:39.643,424,1-Login,OK
2016-10-18 16:27:40.136,10266,2- Iniciando sesion,OK
2016-10-18 16:28:11.423,1255,3- Ir a pagina plantillas,OK
2016-10-18 16:28:12.773,327,4- Cerrar sesion,OK
2016-10-18 16:28:13.250,393,1 - Login,OK
2016-10-18 16:28:13.711,10645,2 - Iniciando sesion,OK
2016-10-18 16:28:45.489,2965,3 - Ir a pagina solicitudes,OK
2016-10-18 16:28:48.528,465,4 - Seleccionar Reporte Backtesting,OK
2016-10-18 16:28:49.089,366,5 - Cargar archivo popup,OK
2016-10-18 16:28:49.569,11815,6 - Cargar archivo,OK
2016-10-18 16:29:01.528,209,7- Cerrar sesion,OK
2016-10-18 16:29:01.939,333,1 - Login,OK
2016-10-18 16:29:02.336,10645,2 - Iniciando sesion,OK
2016-10-18 16:29:34.165,2951,3 - Ir a pagina solicitudes,OK
2016-10-18 16:29:37.214,4113,4 - Seleccionar Reporte efectivo,OK
2016-10-18 16:29:41.430,246,5- Cerrar sesion,OK
2016-10-18 16:29:41.937,382,1 - Login,OK
2016-10-18 16:29:42.400,10619,2 - Iniciando sesion,OK
2016-10-18 16:30:13.703,2846,3 - Ir a pagina solicitudes,OK
2016-10-18 16:30:16.651,878,4 - Seleccionar Reporte pasivo,OK
2016-10-18 16:30:23.706,674,5 - Generar reporte pasivos,OK
2016-10-18 16:30:24.489,294,6 - Cerrar sesion,OK
2016-10-18 16:30:25.165,411,1 - Login,OK
2016-10-18 16:30:25.645,10259,2 - Iniciando sesion,OK
2016-10-18 16:30:57.004,2734,3 - Ir a pagina solicitudes,OK
2016-10-18 16:30:59.808,975,4 - Seleccionar Reporte Activo y pasivo,OK
2016-10-18 16:31:06.974,515,5 - Generar ,OK
2016-10-18 16:31:07.614,214,6 - Cerrar sesion,OK
2016-10-18 16:31:08.221,530,1-Login,OK
2016-10-18 16:31:08.851,10421,2- Iniciando sesion,OK
2016-10-18 16:31:40.273,1344,3- Ir a pagina reportes,OK
2016-10-18 16:31:41.701,10772,4- Cerrar sesion,OK
2016-10-18 16:31:52.825,452,1-Login,OK
2016-10-18 16:31:53.328,10507,2- Iniciando sesion,OK
2016-10-18 16:32:24.799,1385,3- Ir a pagina ordenes,OK
2016-10-18 16:32:26.272,678,4- Cerrar sesion,OK
2016-10-18 16:32:27.170,366,1 - Login,OK
2016-10-18 16:32:27.600,10632,2 - Iniciando sesion,OK
2016-10-18 16:32:59.154,2910,3 - Ir a pagina solicitudes,OK
2016-10-18 16:33:02.166,1156,4 - Seleccionar Reporte Activo y pasivo,OK
2016-10-18 16:33:10.372,578,5 - Generar ,OK
2016-10-18 16:33:11.076,283,6 - Cerrar sesion,OK
2016-10-18 16:33:11.765,463,1-Login,OK
2016-10-18 16:33:12.291,10358,2- Iniciando sesion,OK
2016-10-18 16:33:43.809,1337,3- Ir a pagina ordenes,OK
2016-10-18 16:33:45.227,476,4- Cerrar sesion,OK
2016-10-18 16:33:45.929,348,1-Login,OK
2016-10-18 16:33:46.336,10667,2- Iniciando sesion,OK
2016-10-18 16:34:18.074,1365,3- Ir a pagina plantillas,OK
2016-10-18 16:34:19.516,406,4- Cerrar sesion,OK
2016-10-18 16:34:20.120,390,1-Login,OK
2016-10-18 16:34:20.595,10650,2- Iniciando sesion,OK
2016-10-18 16:34:52.252,1416,3- Ir a pagina reportes,OK
2016-10-18 16:34:53.740,10698,4- Cerrar sesion,OK
2016-10-18 16:35:04.750,331,1 - Login,OK
2016-10-18 16:35:05.139,10599,2 - Iniciando sesion,OK
2016-10-18 16:35:36.977,3082,3 - Ir a pagina solicitudes,OK
2016-10-18 16:35:40.147,579,4 - Seleccionar Reporte Backtesting,OK
2016-10-18 16:35:40.829,426,5 - Cargar archivo popup,OK
2016-10-18 16:35:41.383,11834,6 - Cargar archivo,OK
2016-10-18 16:35:53.325,256,7- Cerrar sesion,OK
2016-10-18 16:35:53.781,413,1 - Login,OK
2016-10-18 16:35:54.267,10687,2 - Iniciando sesion,OK
2016-10-18 16:36:26.011,2816,3 - Ir a pagina solicitudes,OK
2016-10-18 16:36:28.920,4221,4 - Seleccionar Reporte efectivo,OK
2016-10-18 16:36:33.262,263,5- Cerrar sesion,OK
2016-10-18 16:36:33.854,447,1 - Login,OK
2016-10-18 16:36:34.368,10238,2 - Iniciando sesion,OK
2016-10-18 16:37:05.767,3038,3 - Ir a pagina solicitudes,OK
2016-10-18 16:37:08.919,1067,4 - Seleccionar Reporte pasivo,OK
2016-10-18 16:37:16.463,603,5 - Generar reporte pasivos,OK
2016-10-18 16:37:17.171,309,6 - Cerrar sesion,OK
2016-10-18 16:37:17.953,427,1-Login,OK
2016-10-18 16:37:18.459,10514,2- Iniciando sesion,OK
2016-10-18 16:37:49.904,1511,3- Ir a pagina reportes,OK
2016-10-18 16:37:51.532,10503,4- Cerrar sesion,OK
2016-10-18 16:38:02.378,488,1 - Login,OK
2016-10-18 16:38:02.936,10353,2 - Iniciando sesion,OK
2016-10-18 16:38:34.697,3020,3 - Ir a pagina solicitudes,OK
2016-10-18 16:38:37.847,730,4 - Seleccionar Reporte Backtesting,OK
2016-10-18 16:38:38.680,481,5 - Cargar archivo popup,OK
2016-10-18 16:38:39.304,11453,6 - Cargar archivo,OK
2016-10-18 16:38:50.859,263,7- Cerrar sesion,OK
2016-10-18 16:38:51.399,456,1-Login,OK
2016-10-18 16:38:51.926,10398,2- Iniciando sesion,OK
2016-10-18 16:39:23.244,1430,3- Ir a pagina ordenes,OK
2016-10-18 16:39:24.752,601,4- Cerrar sesion,OK
2016-10-18 16:39:25.574,409,1 - Login,OK
2016-10-18 16:39:26.047,10288,2 - Iniciando sesion,OK
2016-10-18 16:39:57.610,2712,3 - Ir a pagina solicitudes,OK
2016-10-18 16:40:00.396,4038,4 - Seleccionar Reporte efectivo,OK
2016-10-18 16:40:04.526,224,5- Cerrar sesion,OK
2016-10-18 16:40:04.916,361,1 - Login,OK
2016-10-18 16:40:05.349,10511,2 - Iniciando sesion,OK
2016-10-18 16:40:36.938,2925,3 - Ir a pagina solicitudes,OK
2016-10-18 16:40:39.942,999,4 - Seleccionar Reporte pasivo,OK
2016-10-18 16:40:47.688,625,5 - Generar reporte pasivos,OK
2016-10-18 16:40:48.449,254,6 - Cerrar sesion,OK
2016-10-18 16:40:49.021,403,1 - Login,OK
2016-10-18 16:40:49.510,10314,2 - Iniciando sesion,OK
2016-10-18 16:41:20.799,3054,3 - Ir a pagina solicitudes,OK
2016-10-18 16:41:23.943,1158,4 - Seleccionar Reporte Activo y pasivo,OK
2016-10-18 16:41:32.271,713,5 - Generar ,OK
2016-10-18 16:41:33.119,328,6 - Cerrar sesion,OK
2016-10-18 16:41:33.817,435,1-Login,OK
2016-10-18 16:41:34.349,10368,2- Iniciando sesion,OK
2016-10-18 16:42:05.792,2503,3- Ir a pagina plantillas,OK
2016-10-18 16:42:08.452,384,4- Cerrar sesion,OK
2016-10-18 16:42:09.054,404,1-Login,OK
2016-10-18 16:42:09.522,10643,2- Iniciando sesion,OK
2016-10-18 16:42:41.269,1331,3- Ir a pagina ordenes,OK
2016-10-18 16:42:42.685,594,4- Cerrar sesion,OK
2016-10-18 16:42:43.498,355,1 - Login,OK
2016-10-18 16:42:43.906,10699,2 - Iniciando sesion,OK
2016-10-18 16:43:15.784,3102,3 - Ir a pagina solicitudes,OK
2016-10-18 16:43:18.997,722,4 - Seleccionar Reporte Backtesting,OK
2016-10-18 16:43:19.829,459,5 - Cargar archivo popup,OK
2016-10-18 16:43:20.437,11532,6 - Cargar archivo,OK
2016-10-18 16:43:32.090,333,7- Cerrar sesion,OK
2016-10-18 16:43:32.719,611,1-Login,OK
2016-10-18 16:43:33.471,10620,2- Iniciando sesion,OK
2016-10-18 16:44:05.190,1369,3- Ir a pagina reportes,OK
2016-10-18 16:44:06.641,10719,4- Cerrar sesion,OK
2016-10-18 16:44:17.701,468,1 - Login,OK
2016-10-18 16:44:18.246,10565,2 - Iniciando sesion,OK
2016-10-18 16:44:49.809,2860,3 - Ir a pagina solicitudes,OK
2016-10-18 16:44:52.769,907,4 - Seleccionar Reporte pasivo,OK
2016-10-18 16:45:00.271,729,5 - Generar reporte pasivos,OK
2016-10-18 16:45:01.115,347,6 - Cerrar sesion,OK
2016-10-18 16:45:01.859,446,1 - Login,OK
2016-10-18 16:45:02.382,10575,2 - Iniciando sesion,OK
2016-10-18 16:45:33.893,3101,3 - Ir a pagina solicitudes,OK
2016-10-18 16:45:37.129,1375,4 - Seleccionar Reporte Activo y pasivo,OK
2016-10-18 16:45:45.316,612,5 - Generar ,OK
2016-10-18 16:45:46.056,281,6 - Cerrar sesion,OK
2016-10-18 16:45:46.756,473,1-Login,OK
2016-10-18 16:45:47.334,10322,2- Iniciando sesion,OK
2016-10-18 16:46:18.854,1338,3- Ir a pagina plantillas,OK
2016-10-18 16:46:20.290,372,4- Cerrar sesion,OK
2016-10-18 16:46:20.824,404,1 - Login,OK
2016-10-18 16:46:21.334,10713,2 - Iniciando sesion,OK
2016-10-18 16:46:53.018,2422,3 - Ir a pagina solicitudes,OK
2016-10-18 16:46:55.505,4033,4 - Seleccionar Reporte efectivo,OK
2016-10-18 16:46:59.652,286,5- Cerrar sesion,OK
2016-10-18 16:47:00.221,347,1 - Login,OK
2016-10-18 16:47:00.631,10597,2 - Iniciando sesion,OK
2016-10-18 16:47:32.201,3000,3 - Ir a pagina solicitudes,OK
2016-10-18 16:47:35.291,667,4 - Seleccionar Reporte Backtesting,OK
2016-10-18 16:47:36.073,461,5 - Cargar archivo popup,OK
2016-10-18 16:47:36.764,11596,6 - Cargar archivo,OK
2016-10-18 16:47:48.499,266,7- Cerrar sesion,OK
2016-10-18 16:47:49.070,430,1-Login,OK
2016-10-18 16:47:49.555,10690,2- Iniciando sesion,OK
2016-10-18 16:48:21.222,1399,3- Ir a pagina ordenes,OK
2016-10-18 16:48:22.690,766,4- Cerrar sesion,OK
2016-10-18 16:48:23.753,398,1 - Login,OK
2016-10-18 16:48:24.219,10287,2 - Iniciando sesion,OK
2016-10-18 16:48:55.474,2723,3 - Ir a pagina solicitudes,OK
2016-10-18 16:48:58.367,1213,4 - Seleccionar Reporte Activo y pasivo,OK
2016-10-18 16:49:06.849,649,5 - Generar ,OK
2016-10-18 16:49:07.605,300,6 - Cerrar sesion,OK
2016-10-18 16:49:08.287,461,1 - Login,OK
2016-10-18 16:49:08.902,10278,2 - Iniciando sesion,OK
2016-10-18 16:49:40.087,3034,3 - Ir a pagina solicitudes,OK
2016-10-18 16:49:43.251,1028,4 - Seleccionar Reporte pasivo,OK
2016-10-18 16:49:50.514,623,5 - Generar reporte pasivos,OK
2016-10-18 16:49:51.459,300,6 - Cerrar sesion,OK
2016-10-18 16:49:52.113,450,1-Login,OK
2016-10-18 16:49:52.636,10459,2- Iniciando sesion,OK
2016-10-18 16:50:24.474,1438,3- Ir a pagina reportes,OK
2016-10-18 16:50:25.993,10444,4- Cerrar sesion,OK
2016-10-18 16:50:36.793,429,1-Login,OK
2016-10-18 16:50:37.330,10691,2- Iniciando sesion,OK
2016-10-18 16:51:09.138,1393,3- Ir a pagina plantillas,OK
2016-10-18 16:51:10.622,436,4- Cerrar sesion,OK
2016-10-18 16:51:11.276,409,1 - Login,OK
2016-10-18 16:51:11.740,10688,2 - Iniciando sesion,OK
2016-10-18 16:51:43.636,3054,3 - Ir a pagina solicitudes,OK
2016-10-18 16:51:46.789,4117,4 - Seleccionar Reporte efectivo,OK
2016-10-18 16:51:50.997,259,5- Cerrar sesion,OK
2016-10-18 16:51:51.460,368,1-Login,OK
2016-10-18 16:51:51.890,10652,2- Iniciando sesion,OK
2016-10-18 16:52:23.824,1401,3- Ir a pagina plantillas,OK
2016-10-18 16:52:25.325,322,4- Cerrar sesion,OK
2016-10-18 16:52:25.783,403,1-Login,OK
2016-10-18 16:52:26.247,10636,2- Iniciando sesion,OK
2016-10-18 16:52:58.019,1405,3- Ir a pagina ordenes,OK
2016-10-18 16:52:59.474,649,4- Cerrar sesion,OK
2016-10-18 16:53:00.323,449,1 - Login,OK
2016-10-18 16:53:00.845,10738,2 - Iniciando sesion,OK
2016-10-18 16:53:32.844,2666,3 - Ir a pagina solicitudes,OK
2016-10-18 16:53:35.598,4009,4 - Seleccionar Reporte efectivo,OK
2016-10-18 16:53:39.728,270,5- Cerrar sesion,OK
2016-10-18 16:53:40.338,333,1 - Login,OK
2016-10-18 16:53:40.741,10356,2 - Iniciando sesion,OK
2016-10-18 16:54:12.367,3211,3 - Ir a pagina solicitudes,OK
2016-10-18 16:54:15.688,1104,4 - Seleccionar Reporte Activo y pasivo,OK
2016-10-18 16:54:24.599,596,5 - Generar ,OK
2016-10-18 16:54:25.346,328,6 - Cerrar sesion,OK
2016-10-18 16:54:26.139,470,1 - Login,OK
2016-10-18 16:54:26.691,10448,2 - Iniciando sesion,OK
2016-10-18 16:54:58.343,2912,3 - Ir a pagina solicitudes,OK
2016-10-18 16:55:01.329,1052,4 - Seleccionar Reporte pasivo,OK
2016-10-18 16:55:08.852,542,5 - Generar reporte pasivos,OK
2016-10-18 16:55:09.530,297,6 - Cerrar sesion,OK
2016-10-18 16:55:10.188,439,1 - Login,OK
2016-10-18 16:55:10.707,10205,2 - Iniciando sesion,OK
2016-10-18 16:55:42.190,3112,3 - Ir a pagina solicitudes,OK
2016-10-18 16:55:45.383,636,4 - Seleccionar Reporte Backtesting,OK
2016-10-18 16:55:46.118,462,5 - Cargar archivo popup,OK
2016-10-18 16:55:46.736,11354,6 - Cargar archivo,OK
2016-10-18 16:55:58.197,231,7- Cerrar sesion,OK
2016-10-18 16:55:58.681,393,1-Login,OK
2016-10-18 16:55:59.124,10231,2- Iniciando sesion,OK
2016-10-18 16:56:30.261,1354,3- Ir a pagina reportes,OK
2016-10-18 16:56:31.703,10294,4- Cerrar sesion,OK
2016-10-18 16:56:42.278,418,1-Login,OK
2016-10-18 16:56:42.765,10675,2- Iniciando sesion,OK
2016-10-18 16:57:14.367,1372,3- Ir a pagina plantillas,OK
2016-10-18 16:57:15.807,393,4- Cerrar sesion,OK
2016-10-18 16:57:16.476,360,1 - Login,OK
2016-10-18 16:57:16.897,10569,2 - Iniciando sesion,OK
2016-10-18 16:57:48.607,3071,3 - Ir a pagina solicitudes,OK
2016-10-18 16:57:51.799,1077,4 - Seleccionar Reporte Activo y pasivo,OK
2016-10-18 16:57:59.697,591,5 - Generar ,OK
2016-10-18 16:58:00.390,270,6 - Cerrar sesion,OK
2016-10-18 16:58:01.066,408,1 - Login,OK
2016-10-18 16:58:01.542,10442,2 - Iniciando sesion,OK
2016-10-18 16:58:32.794,2949,3 - Ir a pagina solicitudes,OK
2016-10-18 16:58:35.842,4226,4 - Seleccionar Reporte efectivo,OK
2016-10-18 16:58:40.227,263,5- Cerrar sesion,OK
2016-10-18 16:58:40.771,448,1-Login,OK
2016-10-18 16:58:41.297,10743,2- Iniciando sesion,OK
2016-10-18 16:59:13.077,1513,3- Ir a pagina ordenes,OK
2016-10-18 16:59:14.651,674,4- Cerrar sesion,OK
2016-10-18 16:59:15.508,356,1-Login,OK
2016-10-18 16:59:15.928,10714,2- Iniciando sesion,OK
2016-10-18 16:59:47.613,1326,3- Ir a pagina reportes,OK
2016-10-18 16:59:49.026,10725,4- Cerrar sesion,OK
2016-10-18 17:00:00.058,619,1 - Login,OK
2016-10-18 17:00:00.734,10566,2 - Iniciando sesion,OK
2016-10-18 17:00:32.342,3117,3 - Ir a pagina solicitudes,OK
2016-10-18 17:00:35.543,929,4 - Seleccionar Reporte pasivo,OK
2016-10-18 17:00:43.003,555,5 - Generar reporte pasivos,OK
2016-10-18 17:00:43.699,456,6 - Cerrar sesion,OK
2016-10-18 17:00:44.475,439,1 - Login,OK
2016-10-18 17:00:44.989,10703,2 - Iniciando sesion,OK
2016-10-18 17:01:16.753,3124,3 - Ir a pagina solicitudes,OK
2016-10-18 17:01:19.961,810,4 - Seleccionar Reporte Backtesting,OK
2016-10-18 17:01:20.866,486,5 - Cargar archivo popup,OK
2016-10-18 17:01:21.497,11700,6 - Cargar archivo,OK
2016-10-18 17:01:33.299,242,7- Cerrar sesion,OK
2016-10-18 17:01:33.787,442,1 - Login,OK
2016-10-18 17:01:34.283,10679,2 - Iniciando sesion,OK
2016-10-18 17:02:05.731,2985,3 - Ir a pagina solicitudes,OK
2016-10-18 17:02:08.811,4128,4 - Seleccionar Reporte efectivo,OK
2016-10-18 17:02:13.026,239,5- Cerrar sesion,OK
2016-10-18 17:02:13.682,373,1-Login,OK
2016-10-18 17:02:14.116,10519,2- Iniciando sesion,OK
2016-10-18 17:02:45.536,1362,3- Ir a pagina plantillas,OK
2016-10-18 17:02:46.997,373,4- Cerrar sesion,OK
2016-10-18 17:02:47.553,349,1 - Login,OK
2016-10-18 17:02:47.953,10544,2 - Iniciando sesion,OK
2016-10-18 17:03:19.464,2778,3 - Ir a pagina solicitudes,OK
2016-10-18 17:03:22.329,851,4 - Seleccionar Reporte pasivo,OK
2016-10-18 17:03:28.819,542,5 - Generar reporte pasivos,OK
2016-10-18 17:03:29.502,380,6 - Cerrar sesion,OK
2016-10-18 17:03:30.208,370,1-Login,OK
2016-10-18 17:03:30.639,10234,2- Iniciando sesion,OK
2016-10-18 17:04:01.697,1429,3- Ir a pagina reportes,OK
2016-10-18 17:04:03.220,10728,4- Cerrar sesion,OK
2016-10-18 17:04:14.288,445,1 - Login,OK
2016-10-18 17:04:14.776,10506,2 - Iniciando sesion,OK
2016-10-18 17:04:46.143,2904,3 - Ir a pagina solicitudes,OK
2016-10-18 17:04:49.174,976,4 - Seleccionar Reporte Activo y pasivo,OK
2016-10-18 17:04:56.255,544,5 - Generar ,OK
2016-10-18 17:04:56.904,267,6 - Cerrar sesion,OK
2016-10-18 17:04:57.514,401,1 - Login,OK
2016-10-18 17:04:57.976,10250,2 - Iniciando sesion,OK
2016-10-18 17:05:29.137,2866,3 - Ir a pagina solicitudes,OK
2016-10-18 17:05:32.111,659,4 - Seleccionar Reporte Backtesting,OK
2016-10-18 17:05:32.884,408,5 - Cargar archivo popup,OK
2016-10-18 17:05:33.430,11760,6 - Cargar archivo,OK
2016-10-18 17:05:45.288,238,7- Cerrar sesion,OK
2016-10-18 17:05:45.760,476,1-Login,OK
2016-10-18 17:05:46.334,10595,2- Iniciando sesion,OK
2016-10-18 17:06:17.805,1318,3- Ir a pagina ordenes,OK
2016-10-18 17:06:19.183,448,4- Cerrar sesion,OK
2016-10-18 17:06:19.856,359,1 - Login,OK
2016-10-18 17:06:20.268,10539,2 - Iniciando sesion,OK
2016-10-18 17:06:51.731,2945,3 - Ir a pagina solicitudes,OK
2016-10-18 17:06:54.765,988,4 - Seleccionar Reporte Activo y pasivo,OK
2016-10-18 17:07:02.016,553,5 - Generar ,OK
2016-10-18 17:07:02.665,236,6 - Cerrar sesion,OK
2016-10-18 17:07:03.221,393,1-Login,OK
2016-10-18 17:07:03.712,10643,2- Iniciando sesion,OK
2016-10-18 17:07:35.268,1290,3- Ir a pagina reportes,OK
2016-10-18 17:07:36.632,10798,4- Cerrar sesion,OK
2016-10-18 17:07:47.745,421,1 - Login,OK
2016-10-18 17:07:48.232,10571,2 - Iniciando sesion,OK
2016-10-18 17:08:19.638,2847,3 - Ir a pagina solicitudes,OK
2016-10-18 17:08:22.584,4033,4 - Seleccionar Reporte efectivo,OK
2016-10-18 17:08:26.714,228,5- Cerrar sesion,OK
2016-10-18 17:08:27.188,364,1 - Login,OK
2016-10-18 17:08:27.618,10616,2 - Iniciando sesion,OK
2016-10-18 17:08:59.074,3035,3 - Ir a pagina solicitudes,OK
2016-10-18 17:09:02.178,484,4 - Seleccionar Reporte Backtesting,OK
2016-10-18 17:09:02.753,419,5 - Cargar archivo popup,OK
2016-10-18 17:09:03.300,11671,6 - Cargar archivo,OK
2016-10-18 17:09:15.058,227,7- Cerrar sesion,OK
2016-10-18 17:09:15.511,403,1-Login,OK
2016-10-18 17:09:15.988,10541,2- Iniciando sesion,OK
2016-10-18 17:09:47.327,1339,3- Ir a pagina plantillas,OK
2016-10-18 17:09:48.748,388,4- Cerrar sesion,OK
2016-10-18 17:09:49.316,361,1 - Login,OK
2016-10-18 17:09:49.735,10537,2 - Iniciando sesion,OK
2016-10-18 17:10:21.368,2825,3 - Ir a pagina solicitudes,OK
2016-10-18 17:10:24.328,784,4 - Seleccionar Reporte pasivo,OK
2016-10-18 17:10:30.522,1027,5 - Generar reporte pasivos,OK
2016-10-18 17:10:31.655,257,6 - Cerrar sesion,OK
2016-10-18 17:10:32.214,395,1-Login,OK
2016-10-18 17:10:32.672,10611,2- Iniciando sesion,OK
2016-10-18 17:11:04.072,1298,3- Ir a pagina ordenes,OK
2016-10-18 17:11:05.431,477,4- Cerrar sesion,OK
2016-10-18 17:11:06.129,339,1-Login,OK
2016-10-18 17:11:06.529,10486,2- Iniciando sesion,OK
2016-10-18 17:11:37.846,1363,3- Ir a pagina reportes,OK
2016-10-18 17:11:39.299,10739,4- Cerrar sesion,OK
2016-10-18 17:11:50.331,456,1 - Login,OK
2016-10-18 17:11:50.840,10481,2 - Iniciando sesion,OK
2016-10-18 17:12:22.166,2832,3 - Ir a pagina solicitudes,OK
2016-10-18 17:12:25.103,942,4 - Seleccionar Reporte Activo y pasivo,OK
2016-10-18 17:12:32.167,541,5 - Generar ,OK
2016-10-18 17:12:32.809,292,6 - Cerrar sesion,OK
2016-10-18 17:12:33.390,400,1 - Login,OK
2016-10-18 17:12:33.937,10727,2 - Iniciando sesion,OK
2016-10-18 17:13:05.554,2847,3 - Ir a pagina solicitudes,OK
2016-10-18 17:13:08.515,599,4 - Seleccionar Reporte Backtesting,OK
2016-10-18 17:13:09.211,407,5 - Cargar archivo popup,OK
2016-10-18 17:13:09.738,11585,6 - Cargar archivo,OK
2016-10-18 17:13:21.429,216,7- Cerrar sesion,OK
2016-10-18 17:13:21.920,390,1-Login,OK
2016-10-18 17:13:22.368,10472,2- Iniciando sesion,OK
2016-10-18 17:13:53.603,1326,3- Ir a pagina plantillas,OK
2016-10-18 17:13:54.982,416,4- Cerrar sesion,OK
2016-10-18 17:13:55.619,371,1-Login,OK
2016-10-18 17:13:56.053,10502,2- Iniciando sesion,OK
2016-10-18 17:14:27.488,1223,3- Ir a pagina ordenes,OK
2016-10-18 17:14:28.756,567,4- Cerrar sesion,OK
2016-10-18 17:14:29.559,400,1 - Login,OK
2016-10-18 17:14:30.002,10527,2 - Iniciando sesion,OK
2016-10-18 17:15:01.436,3020,3 - Ir a pagina solicitudes,OK
2016-10-18 17:15:04.566,4066,4 - Seleccionar Reporte efectivo,OK
2016-10-18 17:15:08.728,203,5- Cerrar sesion,OK
2016-10-18 17:15:09.074,414,1 - Login,OK
2016-10-18 17:15:09.544,10512,2 - Iniciando sesion,OK
2016-10-18 17:15:40.957,2919,3 - Ir a pagina solicitudes,OK
2016-10-18 17:15:43.960,954,4 - Seleccionar Reporte pasivo,OK
2016-10-18 17:15:50.403,526,5 - Generar reporte pasivos,OK
2016-10-18 17:15:51.034,265,6 - Cerrar sesion,OK
2016-10-18 17:15:51.613,388,1 - Login,OK
2016-10-18 17:15:52.057,10728,2 - Iniciando sesion,OK
2016-10-18 17:16:23.662,3040,3 - Ir a pagina solicitudes,OK
2016-10-18 17:16:26.784,4126,4 - Seleccionar Reporte efectivo,OK
2016-10-18 17:16:31.016,231,5- Cerrar sesion,OK
2016-10-18 17:16:31.483,389,1 - Login,OK
2016-10-18 17:16:31.928,10452,2 - Iniciando sesion,OK
2016-10-18 17:17:03.228,3044,3 - Ir a pagina solicitudes,OK
2016-10-18 17:17:06.376,982,4 - Seleccionar Reporte Activo y pasivo,OK
2016-10-18 17:17:13.254,574,5 - Generar ,OK
2016-10-18 17:17:13.926,254,6 - Cerrar sesion,OK
2016-10-18 17:17:14.507,405,1-Login,OK
2016-10-18 17:17:14.979,10652,2- Iniciando sesion,OK
2016-10-18 17:17:46.449,1359,3- Ir a pagina ordenes,OK
2016-10-18 17:17:47.902,655,4- Cerrar sesion,OK
2016-10-18 17:17:48.737,386,1-Login,OK
2016-10-18 17:17:49.173,10477,2- Iniciando sesion,OK
2016-10-18 17:18:20.495,1220,3- Ir a pagina reportes,OK
2016-10-18 17:18:21.783,10767,4- Cerrar sesion,OK
2016-10-18 17:18:32.889,457,1 - Login,OK
2016-10-18 17:18:33.397,10495,2 - Iniciando sesion,OK
2016-10-18 17:19:04.658,3244,3 - Ir a pagina solicitudes,OK
2016-10-18 17:19:07.988,582,4 - Seleccionar Reporte Backtesting,OK
2016-10-18 17:19:08.684,449,5 - Cargar archivo popup,OK
2016-10-18 17:19:09.269,11920,6 - Cargar archivo,OK
2016-10-18 17:19:21.295,217,7- Cerrar sesion,OK
2016-10-18 17:19:21.804,425,1-Login,OK
2016-10-18 17:19:22.294,10544,2- Iniciando sesion,OK
2016-10-18 17:19:53.597,1338,3- Ir a pagina plantillas,OK
2016-10-18 17:19:55.015,404,4- Cerrar sesion,OK
2016-10-18 17:19:55.637,357,1 - Login,OK
2016-10-18 17:19:56.044,10588,2 - Iniciando sesion,OK
2016-10-18 17:20:27.663,3138,3 - Ir a pagina solicitudes,OK
2016-10-18 17:20:30.891,941,4 - Seleccionar Reporte pasivo,OK
2016-10-18 17:20:37.483,502,5 - Generar reporte pasivos,OK
2016-10-18 17:20:38.078,244,6 - Cerrar sesion,OK
2016-10-18 17:20:38.608,453,1 - Login,OK
2016-10-18 17:20:39.116,10676,2 - Iniciando sesion,OK
2016-10-18 17:21:10.723,2949,3 - Ir a pagina solicitudes,OK
2016-10-18 17:21:13.787,4171,4 - Seleccionar Reporte efectivo,OK
2016-10-18 17:21:18.048,263,5- Cerrar sesion,OK
2016-10-18 17:21:18.567,406,1-Login,OK
2016-10-18 17:21:19.029,10555,2- Iniciando sesion,OK
2016-10-18 17:21:50.804,1356,3- Ir a pagina ordenes,OK
2016-10-18 17:21:52.217,516,4- Cerrar sesion,OK
2016-10-18 17:21:52.940,356,1-Login,OK
2016-10-18 17:21:53.349,10568,2- Iniciando sesion,OK
2016-10-18 17:22:24.695,1278,3- Ir a pagina reportes,OK
2016-10-18 17:22:26.068,10274,4- Cerrar sesion,OK
2016-10-18 17:22:36.637,438,1 - Login,OK
2016-10-18 17:22:37.142,10591,2 - Iniciando sesion,OK
2016-10-18 17:23:08.528,3121,3 - Ir a pagina solicitudes,OK
2016-10-18 17:23:11.730,993,4 - Seleccionar Reporte pasivo,OK
2016-10-18 17:23:18.854,554,5 - Generar reporte pasivos,OK
2016-10-18 17:23:19.523,309,6 - Cerrar sesion,OK
2016-10-18 17:23:20.129,451,1 - Login,OK
2016-10-18 17:23:20.645,10293,2 - Iniciando sesion,OK
2016-10-18 17:23:51.983,2988,3 - Ir a pagina solicitudes,OK
2016-10-18 17:23:55.039,568,4 - Seleccionar Reporte Backtesting,OK
2016-10-18 17:23:55.699,408,5 - Cargar archivo popup,OK
2016-10-18 17:23:56.237,11690,6 - Cargar archivo,OK
2016-10-18 17:24:08.032,531,7- Cerrar sesion,OK
2016-10-18 17:24:08.849,908,1 - Login,OK
2016-10-18 17:24:09.819,10591,2 - Iniciando sesion,OK
2016-10-18 17:24:41.237,2891,3 - Ir a pagina solicitudes,OK
2016-10-18 17:24:44.205,969,4 - Seleccionar Reporte Activo y pasivo,OK
2016-10-18 17:24:51.146,519,5 - Generar ,OK
2016-10-18 17:24:51.800,252,6 - Cerrar sesion,OK
2016-10-18 17:24:52.410,415,1-Login,OK
2016-10-18 17:24:52.894,10190,2- Iniciando sesion,OK
2016-10-18 17:25:23.955,1239,3- Ir a pagina plantillas,OK
2016-10-18 17:25:25.261,315,4- Cerrar sesion,OK
2016-10-18 17:25:25.723,355,1 - Login,OK
2016-10-18 17:25:26.136,10448,2 - Iniciando sesion,OK
2016-10-18 17:25:57.438,2757,3 - Ir a pagina solicitudes,OK
2016-10-18 17:26:00.270,4013,4 - Seleccionar Reporte efectivo,OK
2016-10-18 17:26:04.371,230,5- Cerrar sesion,OK
2016-10-18 17:26:04.837,387,1-Login,OK
2016-10-18 17:26:05.283,10490,2- Iniciando sesion,OK
2016-10-18 17:26:36.658,1436,3- Ir a pagina ordenes,OK
2016-10-18 17:26:38.196,644,4- Cerrar sesion,OK
2016-10-18 17:26:39.023,324,1-Login,OK
2016-10-18 17:26:39.411,10455,2- Iniciando sesion,OK
2016-10-18 17:27:10.715,1202,3- Ir a pagina reportes,OK
2016-10-18 17:27:11.984,10772,4- Cerrar sesion,OK
2016-10-18 17:27:23.081,372,1 - Login,OK
2016-10-18 17:27:23.516,10458,2 - Iniciando sesion,OK
2016-10-18 17:27:54.733,3144,3 - Ir a pagina solicitudes,OK
2016-10-18 17:27:57.958,593,4 - Seleccionar Reporte Backtesting,OK
2016-10-18 17:27:58.644,424,5 - Cargar archivo popup,OK
2016-10-18 17:27:59.191,11636,6 - Cargar archivo,OK
2016-10-18 17:28:10.922,224,7- Cerrar sesion,OK
2016-10-18 17:28:11.395,453,1-Login,OK
2016-10-18 17:28:11.906,10538,2- Iniciando sesion,OK
2016-10-18 17:28:43.207,1235,3- Ir a pagina plantillas,OK
2016-10-18 17:28:44.525,333,4- Cerrar sesion,OK
2016-10-18 17:28:45.032,406,1 - Login,OK
2016-10-18 17:28:45.493,10480,2 - Iniciando sesion,OK
2016-10-18 17:29:16.771,3190,3 - Ir a pagina solicitudes,OK
2016-10-18 17:29:20.077,967,4 - Seleccionar Reporte Activo y pasivo,OK
2016-10-18 17:29:27.441,496,5 - Generar ,OK
2016-10-18 17:29:28.027,234,6 - Cerrar sesion,OK
2016-10-18 17:29:28.586,454,1 - Login,OK
2016-10-18 17:29:29.097,10644,2 - Iniciando sesion,OK
2016-10-18 17:30:00.545,2715,3 - Ir a pagina solicitudes,OK
2016-10-18 17:30:03.415,793,4 - Seleccionar Reporte pasivo,OK
2016-10-18 17:30:08.955,1137,5 - Generar reporte pasivos,OK
2016-10-18 17:30:10.191,231,6 - Cerrar sesion,OK
2016-10-18 17:30:10.741,481,1 - Login,OK
2016-10-18 17:30:11.279,10617,2 - Iniciando sesion,OK
2016-10-18 17:30:42.866,2918,3 - Ir a pagina solicitudes,OK
2016-10-18 17:30:45.885,588,4 - Seleccionar Reporte Backtesting,OK
2016-10-18 17:30:46.574,431,5 - Cargar archivo popup,OK
2016-10-18 17:30:47.124,11597,6 - Cargar archivo,OK
2016-10-18 17:30:58.827,279,7- Cerrar sesion,OK
2016-10-18 17:30:59.317,418,1 - Login,OK
2016-10-18 17:30:59.794,10615,2 - Iniciando sesion,OK
2016-10-18 17:31:31.619,3123,3 - Ir a pagina solicitudes,OK
2016-10-18 17:31:34.857,1075,4 - Seleccionar Reporte pasivo,OK
2016-10-18 17:31:42.594,578,5 - Generar reporte pasivos,OK
2016-10-18 17:31:43.327,268,6 - Cerrar sesion,OK
2016-10-18 17:31:43.884,366,1-Login,OK
2016-10-18 17:31:44.308,10317,2- Iniciando sesion,OK
2016-10-18 17:32:15.148,1541,3- Ir a pagina plantillas,OK
2016-10-18 17:32:16.790,427,4- Cerrar sesion,OK
2016-10-18 17:32:17.415,438,1 - Login,OK
2016-10-18 17:32:18.003,10731,2 - Iniciando sesion,OK
2016-10-18 17:32:49.797,3190,3 - Ir a pagina solicitudes,OK
2016-10-18 17:32:53.089,4259,4 - Seleccionar Reporte efectivo,OK
2016-10-18 17:32:57.484,311,5- Cerrar sesion,OK
2016-10-18 17:32:58.068,400,1-Login,OK
2016-10-18 17:32:58.540,10343,2- Iniciando sesion,OK
2016-10-18 17:33:29.811,1476,3- Ir a pagina ordenes,OK
2016-10-18 17:33:31.353,814,4- Cerrar sesion,OK
2016-10-18 17:33:32.408,391,1-Login,OK
2016-10-18 17:33:32.917,10294,2- Iniciando sesion,OK
2016-10-18 17:34:04.436,1315,3- Ir a pagina reportes,OK
2016-10-18 17:34:05.832,10312,4- Cerrar sesion,OK
2016-10-18 17:34:16.511,405,1 - Login,OK
2016-10-18 17:34:16.971,10621,2 - Iniciando sesion,OK
2016-10-18 17:34:48.454,3160,3 - Ir a pagina solicitudes,OK
2016-10-18 17:34:51.695,1123,4 - Seleccionar Reporte Activo y pasivo,OK
2016-10-18 17:34:58.343,552,5 - Generar ,OK
2016-10-18 17:34:59.005,261,6 - Cerrar sesion,OK
2016-10-18 17:34:59.615,353,1 - Login,OK
2016-10-18 17:35:00.034,10648,2 - Iniciando sesion,OK
2016-10-18 17:35:31.739,2942,3 - Ir a pagina solicitudes,OK
2016-10-18 17:35:34.770,484,4 - Seleccionar Reporte Backtesting,OK
2016-10-18 17:35:35.340,377,5 - Cargar archivo popup,OK
2016-10-18 17:35:35.843,11742,6 - Cargar archivo,OK
2016-10-18 17:35:47.681,234,7- Cerrar sesion,OK
2016-10-18 17:35:48.158,424,1 - Login,OK
2016-10-18 17:35:48.643,10523,2 - Iniciando sesion,OK
2016-10-18 17:36:20.456,3082,3 - Ir a pagina solicitudes,OK
2016-10-18 17:36:23.637,1240,4 - Seleccionar Reporte Activo y pasivo,OK
2016-10-18 17:36:30.752,1083,5 - Generar ,OK
2016-10-18 17:36:31.948,207,6 - Cerrar sesion,OK
2016-10-18 17:36:32.465,439,1-Login,OK
2016-10-18 17:36:32.976,10693,2- Iniciando sesion,OK
2016-10-18 17:37:04.919,1385,3- Ir a pagina plantillas,OK
2016-10-18 17:37:06.378,381,4- Cerrar sesion,OK
2016-10-18 17:37:06.946,387,1-Login,OK
2016-10-18 17:37:07.396,10494,2- Iniciando sesion,OK
2016-10-18 17:37:38.848,1183,3- Ir a pagina reportes,OK
2016-10-18 17:37:40.115,10766,4- Cerrar sesion,OK
2016-10-18 17:37:51.189,438,1 - Login,OK
2016-10-18 17:37:51.677,10578,2 - Iniciando sesion,OK
2016-10-18 17:38:23.175,2999,3 - Ir a pagina solicitudes,OK
2016-10-18 17:38:26.247,4053,4 - Seleccionar Reporte efectivo,OK
2016-10-18 17:38:30.392,246,5- Cerrar sesion,OK
2016-10-18 17:38:30.912,420,1 - Login,OK
2016-10-18 17:38:31.388,10561,2 - Iniciando sesion,OK
2016-10-18 17:39:03.074,2959,3 - Ir a pagina solicitudes,OK
2016-10-18 17:39:06.123,866,4 - Seleccionar Reporte pasivo,OK
2016-10-18 17:39:12.386,504,5 - Generar reporte pasivos,OK
2016-10-18 17:39:13.001,263,6 - Cerrar sesion,OK
2016-10-18 17:39:13.608,462,1-Login,OK
2016-10-18 17:39:14.136,10222,2- Iniciando sesion,OK
2016-10-18 17:39:45.436,1322,3- Ir a pagina ordenes,OK
2016-10-18 17:39:46.838,675,4- Cerrar sesion,OK
2016-10-18 17:39:47.744,443,1 - Login,OK
2016-10-18 17:39:48.247,10525,2 - Iniciando sesion,OK
2016-10-18 17:40:19.736,2650,3 - Ir a pagina solicitudes,OK
2016-10-18 17:40:22.478,849,4 - Seleccionar Reporte pasivo,OK
2016-10-18 17:40:29.106,573,5 - Generar reporte pasivos,OK
2016-10-18 17:40:29.786,269,6 - Cerrar sesion,OK
2016-10-18 17:40:30.442,421,1-Login,OK
2016-10-18 17:40:30.912,10680,2- Iniciando sesion,OK
2016-10-18 17:41:02.543,1227,3- Ir a pagina plantillas,OK
2016-10-18 17:41:03.854,361,4- Cerrar sesion,OK
2016-10-18 17:41:04.391,390,1 - Login,OK
2016-10-18 17:41:04.846,10523,2 - Iniciando sesion,OK
2016-10-18 17:41:36.373,2869,3 - Ir a pagina solicitudes,OK
2016-10-18 17:41:39.353,1020,4 - Seleccionar Reporte Activo y pasivo,OK
2016-10-18 17:41:46.747,558,5 - Generar ,OK
2016-10-18 17:41:47.458,305,6 - Cerrar sesion,OK
2016-10-18 17:41:48.077,406,1 - Login,OK
2016-10-18 17:41:48.641,10653,2 - Iniciando sesion,OK
2016-10-18 17:42:20.433,2645,3 - Ir a pagina solicitudes,OK
2016-10-18 17:42:23.187,636,4 - Seleccionar Reporte Backtesting,OK
2016-10-18 17:42:23.906,381,5 - Cargar archivo popup,OK
2016-10-18 17:42:24.424,11788,6 - Cargar archivo,OK
2016-10-18 17:42:36.304,277,7- Cerrar sesion,OK
2016-10-18 17:42:36.836,367,1-Login,OK
2016-10-18 17:42:37.257,10612,2- Iniciando sesion,OK
2016-10-18 17:43:08.884,1304,3- Ir a pagina ordenes,OK
2016-10-18 17:43:10.274,541,4- Cerrar sesion,OK
2016-10-18 17:43:10.998,411,1 - Login,OK
2016-10-18 17:43:11.487,10608,2 - Iniciando sesion,OK
2016-10-18 17:43:43.062,2753,3 - Ir a pagina solicitudes,OK
2016-10-18 17:43:45.910,4082,4 - Seleccionar Reporte efectivo,OK
2016-10-18 17:43:50.079,246,5- Cerrar sesion,OK
2016-10-18 17:43:50.548,409,1-Login,OK
2016-10-18 17:43:51.012,10481,2- Iniciando sesion,OK
2016-10-18 17:44:22.335,1350,3- Ir a pagina reportes,OK
2016-10-18 17:44:23.737,10765,4- Cerrar sesion,OK
2016-10-18 17:44:34.837,395,1 - Login,OK
2016-10-18 17:44:35.292,10479,2 - Iniciando sesion,OK
2016-10-18 17:45:06.660,2788,3 - Ir a pagina solicitudes,OK
2016-10-18 17:45:09.547,565,4 - Seleccionar Reporte Backtesting,OK
2016-10-18 17:45:10.206,327,5 - Cargar archivo popup,OK
2016-10-18 17:45:10.663,11621,6 - Cargar archivo,OK
2016-10-18 17:45:22.389,235,7- Cerrar sesion,OK
2016-10-18 17:45:22.869,406,1 - Login,OK
2016-10-18 17:45:23.335,10502,2 - Iniciando sesion,OK
2016-10-18 17:45:54.837,2945,3 - Ir a pagina solicitudes,OK
2016-10-18 17:45:57.864,914,4 - Seleccionar Reporte pasivo,OK
2016-10-18 17:46:04.025,574,5 - Generar reporte pasivos,OK
2016-10-18 17:46:04.717,243,6 - Cerrar sesion,OK
2016-10-18 17:46:05.276,396,1-Login,OK
2016-10-18 17:46:05.739,10227,2- Iniciando sesion,OK
2016-10-18 17:46:36.655,1338,3- Ir a pagina ordenes,OK
2016-10-18 17:46:38.080,719,4- Cerrar sesion,OK
2016-10-18 17:46:38.965,364,1-Login,OK
2016-10-18 17:46:39.383,10534,2- Iniciando sesion,OK
2016-10-18 17:47:10.783,1172,3- Ir a pagina reportes,OK
2016-10-18 17:47:12.025,10686,4- Cerrar sesion,OK
2016-10-18 17:47:23.040,402,1-Login,OK
2016-10-18 17:47:23.499,10497,2- Iniciando sesion,OK
2016-10-18 17:47:54.890,1268,3- Ir a pagina plantillas,OK
2016-10-18 17:47:56.204,241,4- Cerrar sesion,OK
2016-10-18 17:47:56.645,385,1 - Login,OK
2016-10-18 17:47:57.086,10467,2 - Iniciando sesion,OK
2016-10-18 17:48:28.405,3014,3 - Ir a pagina solicitudes,OK
2016-10-18 17:48:31.496,4012,4 - Seleccionar Reporte efectivo,OK
2016-10-18 17:48:35.610,241,5- Cerrar sesion,OK
2016-10-18 17:48:36.087,333,1 - Login,OK
2016-10-18 17:48:36.476,10510,2 - Iniciando sesion,OK
2016-10-18 17:49:07.961,3100,3 - Ir a pagina solicitudes,OK
2016-10-18 17:49:11.157,1098,4 - Seleccionar Reporte Activo y pasivo,OK
2016-10-18 17:49:18.421,501,5 - Generar ,OK
2016-10-18 17:49:19.059,298,6 - Cerrar sesion,OK
2016-10-18 17:49:19.668,391,1 - Login,OK
2016-10-18 17:49:20.118,10735,2 - Iniciando sesion,OK
2016-10-18 17:49:51.750,3133,3 - Ir a pagina solicitudes,OK
2016-10-18 17:49:54.977,543,4 - Seleccionar Reporte Backtesting,OK
2016-10-18 17:49:55.621,398,5 - Cargar archivo popup,OK
2016-10-18 17:49:56.149,11727,6 - Cargar archivo,OK
2016-10-18 17:50:07.981,254,7- Cerrar sesion,OK
2016-10-18 17:50:08.449,572,1-Login,OK
2016-10-18 17:50:09.121,10498,2- Iniciando sesion,OK
2016-10-18 17:50:40.483,1321,3- Ir a pagina ordenes,OK
2016-10-18 17:50:41.869,633,4- Cerrar sesion,OK
2016-10-18 17:50:42.702,375,1 - Login,OK
2016-10-18 17:50:43.134,10505,2 - Iniciando sesion,OK
2016-10-18 17:51:14.491,3157,3 - Ir a pagina solicitudes,OK
2016-10-18 17:51:17.726,872,4 - Seleccionar Reporte pasivo,OK
2016-10-18 17:51:24.207,543,5 - Generar reporte pasivos,OK
2016-10-18 17:51:24.848,259,6 - Cerrar sesion,OK
2016-10-18 17:51:25.410,433,1-Login,OK
2016-10-18 17:51:25.917,10215,2- Iniciando sesion,OK
2016-10-18 17:51:57.065,1350,3- Ir a pagina reportes,OK
2016-10-18 17:51:58.492,10697,4- Cerrar sesion,OK
2016-10-18 17:52:09.489,365,1 - Login,OK
2016-10-18 17:52:09.901,10492,2 - Iniciando sesion,OK
2016-10-18 17:52:41.453,2486,3 - Ir a pagina solicitudes,OK
2016-10-18 17:52:44.038,3981,4 - Seleccionar Reporte efectivo,OK
2016-10-18 17:52:48.114,264,5- Cerrar sesion,OK
2016-10-18 17:52:48.618,326,1 - Login,OK
2016-10-18 17:52:48.995,10559,2 - Iniciando sesion,OK
2016-10-18 17:53:20.441,2917,3 - Ir a pagina solicitudes,OK
2016-10-18 17:53:23.457,1027,4 - Seleccionar Reporte Activo y pasivo,OK
2016-10-18 17:53:30.807,499,5 - Generar ,OK
2016-10-18 17:53:31.388,237,6 - Cerrar sesion,OK
2016-10-18 17:53:31.940,416,1-Login,OK
2016-10-18 17:53:32.412,10195,2- Iniciando sesion,OK
2016-10-18 17:54:03.552,1369,3- Ir a pagina plantillas,OK
2016-10-18 17:54:05.012,390,4- Cerrar sesion,OK
2016-10-18 17:54:05.591,399,1 - Login,OK
2016-10-18 17:54:06.033,10481,2 - Iniciando sesion,OK
2016-10-18 17:54:37.342,2941,3 - Ir a pagina solicitudes,OK
2016-10-18 17:54:40.393,819,4 - Seleccionar Reporte pasivo,OK
2016-10-18 17:54:46.755,516,5 - Generar reporte pasivos,OK
2016-10-18 17:54:47.368,255,6 - Cerrar sesion,OK
2016-10-18 17:54:47.934,442,1 - Login,OK
2016-10-18 17:54:48.436,10269,2 - Iniciando sesion,OK
2016-10-18 17:55:19.498,3021,3 - Ir a pagina solicitudes,OK
2016-10-18 17:55:22.620,4059,4 - Seleccionar Reporte efectivo,OK
2016-10-18 17:55:26.786,237,5- Cerrar sesion,OK
2016-10-18 17:55:27.255,405,1-Login,OK
2016-10-18 17:55:27.716,10500,2- Iniciando sesion,OK
2016-10-18 17:55:59.002,1220,3- Ir a pagina reportes,OK
2016-10-18 17:56:00.307,10694,4- Cerrar sesion,OK
2016-10-18 17:56:11.301,393,1-Login,OK
2016-10-18 17:56:11.742,10587,2- Iniciando sesion,OK
2016-10-18 17:56:43.289,1338,3- Ir a pagina ordenes,OK
2016-10-18 17:56:44.756,696,4- Cerrar sesion,OK
2016-10-18 17:56:45.651,414,1 - Login,OK
2016-10-18 17:56:46.137,10508,2 - Iniciando sesion,OK
2016-10-18 17:57:17.411,3106,3 - Ir a pagina solicitudes,OK
2016-10-18 17:57:20.625,954,4 - Seleccionar Reporte Activo y pasivo,OK
2016-10-18 17:57:27.148,569,5 - Generar ,OK
2016-10-18 17:57:27.830,264,6 - Cerrar sesion,OK
2016-10-18 17:57:28.395,382,1-Login,OK
2016-10-18 17:57:28.847,10686,2- Iniciando sesion,OK
2016-10-18 17:58:00.413,1293,3- Ir a pagina plantillas,OK
2016-10-18 17:58:01.778,394,4- Cerrar sesion,OK
2016-10-18 17:58:02.354,400,1 - Login,OK
2016-10-18 17:58:02.816,10522,2 - Iniciando sesion,OK
2016-10-18 17:58:34.464,2594,3 - Ir a pagina solicitudes,OK
2016-10-18 17:58:37.136,574,4 - Seleccionar Reporte Backtesting,OK
2016-10-18 17:58:37.806,404,5 - Cargar archivo popup,OK
2016-10-18 17:58:38.330,11761,6 - Cargar archivo,OK
2016-10-18 17:58:50.203,240,7- Cerrar sesion,OK
2016-10-18 17:58:50.704,390,1-Login,OK
2016-10-18 17:58:51.149,10291,2- Iniciando sesion,OK
2016-10-18 17:59:22.326,1336,3- Ir a pagina plantillas,OK
2016-10-18 17:59:23.749,400,4- Cerrar sesion,OK
2016-10-18 17:59:24.348,411,1 - Login,OK
2016-10-18 17:59:24.821,10523,2 - Iniciando sesion,OK
2016-10-18 17:59:56.272,3262,3 - Ir a pagina solicitudes,OK
2016-10-18 17:59:59.640,3908,4 - Seleccionar Reporte efectivo,OK
2016-10-18 18:00:03.632,191,5- Cerrar sesion,OK
2016-10-18 18:00:04.013,294,1-Login,OK
2016-10-18 18:00:04.382,10669,2- Iniciando sesion,OK
2016-10-18 18:00:36.082,1338,3- Ir a pagina reportes,OK
2016-10-18 18:00:37.496,10733,4- Cerrar sesion,OK
2016-10-18 18:00:48.566,438,1 - Login,OK
2016-10-18 18:00:49.059,10574,2 - Iniciando sesion,OK
2016-10-18 18:01:20.685,3063,3 - Ir a pagina solicitudes,OK
2016-10-18 18:01:23.864,680,4 - Seleccionar Reporte Backtesting,OK
2016-10-18 18:01:24.663,460,5 - Cargar archivo popup,OK
2016-10-18 18:01:25.278,11639,6 - Cargar archivo,OK
2016-10-18 18:01:37.035,255,7- Cerrar sesion,OK
2016-10-18 18:01:37.590,330,1 - Login,OK
2016-10-18 18:01:38.004,10620,2 - Iniciando sesion,OK
2016-10-18 18:02:09.801,3127,3 - Ir a pagina solicitudes,OK
2016-10-18 18:02:13.041,819,4 - Seleccionar Reporte pasivo,OK
2016-10-18 18:02:19.342,503,5 - Generar reporte pasivos,OK
2016-10-18 18:02:19.939,250,6 - Cerrar sesion,OK
2016-10-18 18:02:20.495,420,1 - Login,OK
2016-10-18 18:02:20.965,10597,2 - Iniciando sesion,OK
2016-10-18 18:02:52.399,2855,3 - Ir a pagina solicitudes,OK
2016-10-18 18:02:55.351,827,4 - Seleccionar Reporte Activo y pasivo,OK
2016-10-18 18:03:01.779,532,5 - Generar ,OK
2016-10-18 18:03:02.422,244,6 - Cerrar sesion,OK
2016-10-18 18:03:02.980,453,1-Login,OK
2016-10-18 18:03:03.493,10281,2- Iniciando sesion,OK
2016-10-18 18:03:34.710,1350,3- Ir a pagina ordenes,OK
2016-10-18 18:03:36.158,693,4- Cerrar sesion,OK
2016-10-18 18:03:37.022,405,1 - Login,OK
2016-10-18 18:03:37.489,10574,2 - Iniciando sesion,OK
2016-10-18 18:04:08.933,2972,3 - Ir a pagina solicitudes,OK
2016-10-18 18:04:11.978,3956,4 - Seleccionar Reporte efectivo,OK
2016-10-18 18:04:16.026,225,5- Cerrar sesion,OK
2016-10-18 18:04:16.483,397,1-Login,OK
2016-10-18 18:04:16.934,10640,2- Iniciando sesion,OK
2016-10-18 18:04:48.600,1330,3- Ir a pagina ordenes,OK
2016-10-18 18:04:50.017,666,4- Cerrar sesion,OK
2016-10-18 18:04:50.896,336,1 - Login,OK
2016-10-18 18:04:51.294,10631,2 - Iniciando sesion,OK
2016-10-18 18:05:23.025,2969,3 - Ir a pagina solicitudes,OK
2016-10-18 18:05:26.098,1040,4 - Seleccionar Reporte Activo y pasivo,OK
2016-10-18 18:05:33.401,595,5 - Generar ,OK
2016-10-18 18:05:34.107,262,6 - Cerrar sesion,OK
2016-10-18 18:05:34.671,425,1 - Login,OK
2016-10-18 18:05:35.172,10765,2 - Iniciando sesion,OK
2016-10-18 18:06:07.153,2669,3 - Ir a pagina solicitudes,OK
2016-10-18 18:06:09.888,816,4 - Seleccionar Reporte pasivo,OK
2016-10-18 18:06:16.406,489,5 - Generar reporte pasivos,OK
2016-10-18 18:06:16.992,237,6 - Cerrar sesion,OK
2016-10-18 18:06:17.541,458,1-Login,OK
2016-10-18 18:06:18.069,10571,2- Iniciando sesion,OK
2016-10-18 18:06:49.459,1168,3- Ir a pagina plantillas,OK
2016-10-18 18:06:50.732,311,4- Cerrar sesion,OK
2016-10-18 18:06:51.177,306,1-Login,OK
2016-10-18 18:06:51.533,10407,2- Iniciando sesion,OK
2016-10-18 18:07:22.870,1095,3- Ir a pagina reportes,OK
2016-10-18 18:07:24.051,10796,4- Cerrar sesion,OK
2016-10-18 18:07:35.191,434,1 - Login,OK
2016-10-18 18:07:35.676,10516,2 - Iniciando sesion,OK
2016-10-18 18:08:07.136,2989,3 - Ir a pagina solicitudes,OK
2016-10-18 18:08:10.231,475,4 - Seleccionar Reporte Backtesting,OK
2016-10-18 18:08:10.801,401,5 - Cargar archivo popup,OK
2016-10-18 18:08:11.331,11629,6 - Cargar archivo,OK
2016-10-18 18:08:23.045,223,7- Cerrar sesion,OK
2016-10-18 18:08:23.536,367,1-Login,OK
2016-10-18 18:08:23.957,10611,2- Iniciando sesion,OK
2016-10-18 18:08:55.481,1288,3- Ir a pagina reportes,OK
2016-10-18 18:08:56.833,10856,4- Cerrar sesion,OK
2016-10-18 18:09:08.016,426,1 - Login,OK
2016-10-18 18:09:08.495,10506,2 - Iniciando sesion,OK
2016-10-18 18:09:39.815,2892,3 - Ir a pagina solicitudes,OK
2016-10-18 18:09:42.767,512,4 - Seleccionar Reporte Backtesting,OK
2016-10-18 18:09:43.368,427,5 - Cargar archivo popup,OK
2016-10-18 18:09:43.931,11555,6 - Cargar archivo,OK
2016-10-18 18:09:55.591,229,7- Cerrar sesion,OK
2016-10-18 18:09:56.049,427,1-Login,OK
2016-10-18 18:09:56.523,10568,2- Iniciando sesion,OK
2016-10-18 18:10:27.912,1295,3- Ir a pagina ordenes,OK
2016-10-18 18:10:29.273,464,4- Cerrar sesion,OK
2016-10-18 18:10:29.930,427,1 - Login,OK
2016-10-18 18:10:30.418,10467,2 - Iniciando sesion,OK
2016-10-18 18:11:01.720,2740,3 - Ir a pagina solicitudes,OK
2016-10-18 18:11:04.578,4101,4 - Seleccionar Reporte efectivo,OK
2016-10-18 18:11:08.764,223,5- Cerrar sesion,OK
2016-10-18 18:11:09.203,369,1 - Login,OK
2016-10-18 18:11:09.630,10487,2 - Iniciando sesion,OK
2016-10-18 18:11:40.876,2713,3 - Ir a pagina solicitudes,OK
2016-10-18 18:11:43.657,899,4 - Seleccionar Reporte Activo y pasivo,OK
2016-10-18 18:11:50.561,525,5 - Generar ,OK
2016-10-18 18:11:51.186,248,6 - Cerrar sesion,OK
2016-10-18 18:11:51.733,404,1 - Login,OK
2016-10-18 18:11:52.209,10653,2 - Iniciando sesion,OK
2016-10-18 18:12:23.827,3113,3 - Ir a pagina solicitudes,OK
2016-10-18 18:12:27.006,857,4 - Seleccionar Reporte pasivo,OK
2016-10-18 18:12:33.560,531,5 - Generar reporte pasivos,OK
2016-10-18 18:12:34.185,257,6 - Cerrar sesion,OK
2016-10-18 18:12:34.750,437,1-Login,OK
2016-10-18 18:12:35.260,10542,2- Iniciando sesion,OK
2016-10-18 18:13:06.590,1257,3- Ir a pagina plantillas,OK
2016-10-18 18:13:07.928,318,4- Cerrar sesion,OK
2016-10-18 18:13:08.459,330,1-Login,OK
2016-10-18 18:13:08.836,10435,2- Iniciando sesion,OK
2016-10-18 18:13:40.135,1323,3- Ir a pagina plantillas,OK
2016-10-18 18:13:41.524,385,4- Cerrar sesion,OK
2016-10-18 18:13:42.109,377,1-Login,OK
2016-10-18 18:13:42.545,10440,2- Iniciando sesion,OK
2016-10-18 18:14:13.788,1232,3- Ir a pagina ordenes,OK
2016-10-18 18:14:15.066,594,4- Cerrar sesion,OK
2016-10-18 18:14:15.835,412,1 - Login,OK
2016-10-18 18:14:16.296,5481,2 - Iniciando sesion,OK
